Option,Route,Language,Viewport,Location,Group label,Before,After,Result
"Option 1","/","AR","1440","Desktop header nav","القائمة الرئيسية","المزادات › ينتهي قريباً › مباشر الآن › الشراء الفوري › البائعون › الجملة والطبليات","المزادات › ينتهي قريباً › مباشر الآن › الشراء الفوري › البائعون › الجملة والطبليات","Already correct"
"Option 1","/","EN","1440","Desktop header nav","Main","Auctions › Ending soon › Live now › Buy Now › Sellers › Bulk & pallets","Auctions › Ending soon › Live now › Buy Now › Sellers › Bulk & pallets","Already correct"
"Option 1","/","AR","1440","All categories menu (quick links)","","تنتهي خلال أقل من ساعة › الأكثر مزايدة › أُضيف حديثاً › عروض الشراء الفوري › الجملة والطبليات","تنتهي خلال أقل من ساعة › الأكثر مزايدة › أُضيف حديثاً › عروض الشراء الفوري › الجملة والطبليات","Already correct"
"Option 1","/","EN","1440","All categories menu (quick links)","","Ending in under an hour › Most bids › Just listed › Buy Now deals › Bulk & pallets","Ending in under an hour › Most bids › Just listed › Buy Now deals › Bulk & pallets","Already correct"
"Option 1","/","AR","390","Mobile menu","القائمة الرئيسية","المزادات › ينتهي قريباً › مباشر الآن › الشراء الفوري › البائعون › الجملة والطبليات","المزادات › ينتهي قريباً › مباشر الآن › الشراء الفوري › البائعون › الجملة والطبليات","Already correct"
"Option 1","/","EN","390","Mobile menu","Main","Auctions › Ending soon › Live now › Buy Now › Sellers › Bulk & pallets","Auctions › Ending soon › Live now › Buy Now › Sellers › Bulk & pallets","Already correct"
"Option 1","/","AR","1440","Footer: Marketplace","السوق","كل المزادات › المزادات المباشرة › الشراء الفوري › طبليات بالجملة","كل المزادات › المزادات المباشرة › الشراء الفوري › طبليات بالجملة","Already correct"
"Option 1","/","EN","1440","Footer: Marketplace","Marketplace","All auctions › Live auctions › Buy Now › Bulk pallets","All auctions › Live auctions › Buy Now › Bulk pallets","Already correct"
"Option 1","/","AR","1440","Hero buttons (slide 1)","1 من 3","تصفّح المزادات › تسوّق الشراء الفوري","تصفّح المزادات › تسوّق الشراء الفوري","Already correct"
"Option 1","/","EN","1440","Hero buttons (slide 1)","1 of 3","Explore auctions › Shop Buy Now","Explore auctions › Shop Buy Now","Already correct"
"Option 1","/browse","AR","1440","Desktop header nav","القائمة الرئيسية","مباشر الآن › المزادات › الشراء الفوري › ينتهي قريباً › الجملة والطبليات › البائعون","المزادات › ينتهي قريباً › مباشر الآن › الشراء الفوري › البائعون › الجملة والطبليات","Fixed"
"Option 1","/browse","EN","1440","Desktop header nav","Main","Live now › Auctions › Buy Now › Ending soon › Bulk & pallets › Sellers","Auctions › Ending soon › Live now › Buy Now › Sellers › Bulk & pallets","Fixed"
"Option 1","/browse","AR","1440","All categories menu (quick links)","","تنتهي خلال أقل من ساعة › أُضيف حديثاً › عروض الشراء الفوري › الأكثر مزايدة › الجملة والطبليات","تنتهي خلال أقل من ساعة › الأكثر مزايدة › أُضيف حديثاً › عروض الشراء الفوري › الجملة والطبليات","Fixed"
"Option 1","/browse","EN","1440","All categories menu (quick links)","","Ending in under an hour › Just listed › Buy Now deals › Most bids › Bulk & pallets","Ending in under an hour › Most bids › Just listed › Buy Now deals › Bulk & pallets","Fixed"
"Option 1","/browse","AR","390","Mobile menu","القائمة الرئيسية","مباشر الآن › المزادات › الشراء الفوري › ينتهي قريباً › الجملة والطبليات › البائعون","المزادات › ينتهي قريباً › مباشر الآن › الشراء الفوري › البائعون › الجملة والطبليات","Fixed"
"Option 1","/browse","EN","390","Mobile menu","Main","Live now › Auctions › Buy Now › Ending soon › Bulk & pallets › Sellers","Auctions › Ending soon › Live now › Buy Now › Sellers › Bulk & pallets","Fixed"
"Option 1","/browse","AR","1440","Footer: Marketplace","السوق","المزادات المباشرة › كل المزادات › الشراء الفوري › طبليات بالجملة","كل المزادات › المزادات المباشرة › الشراء الفوري › طبليات بالجملة","Fixed"
"Option 1","/browse","EN","1440","Footer: Marketplace","Marketplace","Live auctions › All auctions › Buy Now › Bulk pallets","All auctions › Live auctions › Buy Now › Bulk pallets","Fixed"
"Option 1","/browse","AR","1440","Sale type switch","نوع البيع","المزادات › الشراء الفوري","المزادات › الشراء الفوري","Already correct"
"Option 1","/browse","EN","1440","Sale type switch","Sale type","Auctions › Buy Now","Auctions › Buy Now","Already correct"
"Option 1","/auction","AR","1440","Desktop header nav","القائمة الرئيسية","مباشر الآن › المزادات › الشراء الفوري › ينتهي قريباً › الجملة والطبليات › البائعون","المزادات › ينتهي قريباً › مباشر الآن › الشراء الفوري › البائعون › الجملة والطبليات","Fixed"
"Option 1","/auction","EN","1440","Desktop header nav","Main","Live now › Auctions › Buy Now › Ending soon › Bulk & pallets › Sellers","Auctions › Ending soon › Live now › Buy Now › Sellers › Bulk & pallets","Fixed"
"Option 1","/auction","AR","1440","All categories menu (quick links)","","تنتهي خلال أقل من ساعة › أُضيف حديثاً › عروض الشراء الفوري › الأكثر مزايدة › الجملة والطبليات","تنتهي خلال أقل من ساعة › الأكثر مزايدة › أُضيف حديثاً › عروض الشراء الفوري › الجملة والطبليات","Fixed"
"Option 1","/auction","EN","1440","All categories menu (quick links)","","Ending in under an hour › Just listed › Buy Now deals › Most bids › Bulk & pallets","Ending in under an hour › Most bids › Just listed › Buy Now deals › Bulk & pallets","Fixed"
"Option 1","/auction","AR","390","Mobile menu","القائمة الرئيسية","مباشر الآن › المزادات › الشراء الفوري › ينتهي قريباً › الجملة والطبليات › البائعون","المزادات › ينتهي قريباً › مباشر الآن › الشراء الفوري › البائعون › الجملة والطبليات","Fixed"
"Option 1","/auction","EN","390","Mobile menu","Main","Live now › Auctions › Buy Now › Ending soon › Bulk & pallets › Sellers","Auctions › Ending soon › Live now › Buy Now › Sellers › Bulk & pallets","Fixed"
"Option 1","/auction","AR","1440","Footer: Marketplace","السوق","المزادات المباشرة › كل المزادات › الشراء الفوري › طبليات بالجملة","كل المزادات › المزادات المباشرة › الشراء الفوري › طبليات بالجملة","Fixed"
"Option 1","/auction","EN","1440","Footer: Marketplace","Marketplace","Live auctions › All auctions › Buy Now › Bulk pallets","All auctions › Live auctions › Buy Now › Bulk pallets","Fixed"
"Option 1","/auction/fridge-690","AR","1440","Desktop header nav","القائمة الرئيسية","مباشر الآن › المزادات › الشراء الفوري › ينتهي قريباً › الجملة والطبليات › البائعون","المزادات › ينتهي قريباً › مباشر الآن › الشراء الفوري › البائعون › الجملة والطبليات","Fixed"
"Option 1","/auction/fridge-690","EN","1440","Desktop header nav","Main","Live now › Auctions › Buy Now › Ending soon › Bulk & pallets › Sellers","Auctions › Ending soon › Live now › Buy Now › Sellers › Bulk & pallets","Fixed"
"Option 1","/auction/fridge-690","AR","1440","All categories menu (quick links)","","تنتهي خلال أقل من ساعة › أُضيف حديثاً › عروض الشراء الفوري › الأكثر مزايدة › الجملة والطبليات","تنتهي خلال أقل من ساعة › الأكثر مزايدة › أُضيف حديثاً › عروض الشراء الفوري › الجملة والطبليات","Fixed"
"Option 1","/auction/fridge-690","EN","1440","All categories menu (quick links)","","Ending in under an hour › Just listed › Buy Now deals › Most bids › Bulk & pallets","Ending in under an hour › Most bids › Just listed › Buy Now deals › Bulk & pallets","Fixed"
"Option 1","/auction/fridge-690","AR","390","Mobile menu","القائمة الرئيسية","مباشر الآن › المزادات › الشراء الفوري › ينتهي قريباً › الجملة والطبليات › البائعون","المزادات › ينتهي قريباً › مباشر الآن › الشراء الفوري › البائعون › الجملة والطبليات","Fixed"
"Option 1","/auction/fridge-690","EN","390","Mobile menu","Main","Live now › Auctions › Buy Now › Ending soon › Bulk & pallets › Sellers","Auctions › Ending soon › Live now › Buy Now › Sellers › Bulk & pallets","Fixed"
"Option 1","/auction/fridge-690","AR","1440","Footer: Marketplace","السوق","المزادات المباشرة › كل المزادات › الشراء الفوري › طبليات بالجملة","كل المزادات › المزادات المباشرة › الشراء الفوري › طبليات بالجملة","Fixed"
"Option 1","/auction/fridge-690","EN","1440","Footer: Marketplace","Marketplace","Live auctions › All auctions › Buy Now › Bulk pallets","All auctions › Live auctions › Buy Now › Bulk pallets","Fixed"
"Option 1","/product","AR","1440","Desktop header nav","القائمة الرئيسية","مباشر الآن › المزادات › الشراء الفوري › ينتهي قريباً › الجملة والطبليات › البائعون","المزادات › ينتهي قريباً › مباشر الآن › الشراء الفوري › البائعون › الجملة والطبليات","Fixed"
"Option 1","/product","EN","1440","Desktop header nav","Main","Live now › Auctions › Buy Now › Ending soon › Bulk & pallets › Sellers","Auctions › Ending soon › Live now › Buy Now › Sellers › Bulk & pallets","Fixed"
"Option 1","/product","AR","1440","All categories menu (quick links)","","تنتهي خلال أقل من ساعة › أُضيف حديثاً › عروض الشراء الفوري › الأكثر مزايدة › الجملة والطبليات","تنتهي خلال أقل من ساعة › الأكثر مزايدة › أُضيف حديثاً › عروض الشراء الفوري › الجملة والطبليات","Fixed"
"Option 1","/product","EN","1440","All categories menu (quick links)","","Ending in under an hour › Just listed › Buy Now deals › Most bids › Bulk & pallets","Ending in under an hour › Most bids › Just listed › Buy Now deals › Bulk & pallets","Fixed"
"Option 1","/product","AR","390","Mobile menu","القائمة الرئيسية","مباشر الآن › المزادات › الشراء الفوري › ينتهي قريباً › الجملة والطبليات › البائعون","المزادات › ينتهي قريباً › مباشر الآن › الشراء الفوري › البائعون › الجملة والطبليات","Fixed"
"Option 1","/product","EN","390","Mobile menu","Main","Live now › Auctions › Buy Now › Ending soon › Bulk & pallets › Sellers","Auctions › Ending soon › Live now › Buy Now › Sellers › Bulk & pallets","Fixed"
"Option 1","/product","AR","1440","Footer: Marketplace","السوق","المزادات المباشرة › كل المزادات › الشراء الفوري › طبليات بالجملة","كل المزادات › المزادات المباشرة › الشراء الفوري › طبليات بالجملة","Fixed"
"Option 1","/product","EN","1440","Footer: Marketplace","Marketplace","Live auctions › All auctions › Buy Now › Bulk pallets","All auctions › Live auctions › Buy Now › Bulk pallets","Fixed"
"Option 1","/product/task-lamp","AR","1440","Desktop header nav","القائمة الرئيسية","مباشر الآن › المزادات › الشراء الفوري › ينتهي قريباً › الجملة والطبليات › البائعون","المزادات › ينتهي قريباً › مباشر الآن › الشراء الفوري › البائعون › الجملة والطبليات","Fixed"
"Option 1","/product/task-lamp","EN","1440","Desktop header nav","Main","Live now › Auctions › Buy Now › Ending soon › Bulk & pallets › Sellers","Auctions › Ending soon › Live now › Buy Now › Sellers › Bulk & pallets","Fixed"
"Option 1","/product/task-lamp","AR","1440","All categories menu (quick links)","","تنتهي خلال أقل من ساعة › أُضيف حديثاً › عروض الشراء الفوري › الأكثر مزايدة › الجملة والطبليات","تنتهي خلال أقل من ساعة › الأكثر مزايدة › أُضيف حديثاً › عروض الشراء الفوري › الجملة والطبليات","Fixed"
"Option 1","/product/task-lamp","EN","1440","All categories menu (quick links)","","Ending in under an hour › Just listed › Buy Now deals › Most bids › Bulk & pallets","Ending in under an hour › Most bids › Just listed › Buy Now deals › Bulk & pallets","Fixed"
"Option 1","/product/task-lamp","AR","390","Mobile menu","القائمة الرئيسية","مباشر الآن › المزادات › الشراء الفوري › ينتهي قريباً › الجملة والطبليات › البائعون","المزادات › ينتهي قريباً › مباشر الآن › الشراء الفوري › البائعون › الجملة والطبليات","Fixed"
"Option 1","/product/task-lamp","EN","390","Mobile menu","Main","Live now › Auctions › Buy Now › Ending soon › Bulk & pallets › Sellers","Auctions › Ending soon › Live now › Buy Now › Sellers › Bulk & pallets","Fixed"
"Option 1","/product/task-lamp","AR","1440","Footer: Marketplace","السوق","المزادات المباشرة › كل المزادات › الشراء الفوري › طبليات بالجملة","كل المزادات › المزادات المباشرة › الشراء الفوري › طبليات بالجملة","Fixed"
"Option 1","/product/task-lamp","EN","1440","Footer: Marketplace","Marketplace","Live auctions › All auctions › Buy Now › Bulk pallets","All auctions › Live auctions › Buy Now › Bulk pallets","Fixed"
"Option 1","/live-auction","AR","1440","Desktop header nav","القائمة الرئيسية","مباشر الآن › المزادات › الشراء الفوري › ينتهي قريباً › الجملة والطبليات › البائعون","المزادات › ينتهي قريباً › مباشر الآن › الشراء الفوري › البائعون › الجملة والطبليات","Fixed"
"Option 1","/live-auction","EN","1440","Desktop header nav","Main","Live now › Auctions › Buy Now › Ending soon › Bulk & pallets › Sellers","Auctions › Ending soon › Live now › Buy Now › Sellers › Bulk & pallets","Fixed"
"Option 1","/live-auction","AR","1440","All categories menu (quick links)","","تنتهي خلال أقل من ساعة › أُضيف حديثاً › عروض الشراء الفوري › الأكثر مزايدة › الجملة والطبليات","تنتهي خلال أقل من ساعة › الأكثر مزايدة › أُضيف حديثاً › عروض الشراء الفوري › الجملة والطبليات","Fixed"
"Option 1","/live-auction","EN","1440","All categories menu (quick links)","","Ending in under an hour › Just listed › Buy Now deals › Most bids › Bulk & pallets","Ending in under an hour › Most bids › Just listed › Buy Now deals › Bulk & pallets","Fixed"
"Option 1","/live-auction","AR","390","Mobile menu","القائمة الرئيسية","مباشر الآن › المزادات › الشراء الفوري › ينتهي قريباً › الجملة والطبليات › البائعون","المزادات › ينتهي قريباً › مباشر الآن › الشراء الفوري › البائعون › الجملة والطبليات","Fixed"
"Option 1","/live-auction","EN","390","Mobile menu","Main","Live now › Auctions › Buy Now › Ending soon › Bulk & pallets › Sellers","Auctions › Ending soon › Live now › Buy Now › Sellers › Bulk & pallets","Fixed"
"Option 1","/live-auction","AR","1440","Footer: Marketplace","السوق","المزادات المباشرة › كل المزادات › الشراء الفوري › طبليات بالجملة","كل المزادات › المزادات المباشرة › الشراء الفوري › طبليات بالجملة","Fixed"
"Option 1","/live-auction","EN","1440","Footer: Marketplace","Marketplace","Live auctions › All auctions › Buy Now › Bulk pallets","All auctions › Live auctions › Buy Now › Bulk pallets","Fixed"
"Option 1","/seller","AR","1440","Desktop header nav","القائمة الرئيسية","مباشر الآن › المزادات › الشراء الفوري › ينتهي قريباً › الجملة والطبليات › البائعون","المزادات › ينتهي قريباً › مباشر الآن › الشراء الفوري › البائعون › الجملة والطبليات","Fixed"
"Option 1","/seller","EN","1440","Desktop header nav","Main","Live now › Auctions › Buy Now › Ending soon › Bulk & pallets › Sellers","Auctions › Ending soon › Live now › Buy Now › Sellers › Bulk & pallets","Fixed"
"Option 1","/seller","AR","1440","All categories menu (quick links)","","تنتهي خلال أقل من ساعة › أُضيف حديثاً › عروض الشراء الفوري › الأكثر مزايدة › الجملة والطبليات","تنتهي خلال أقل من ساعة › الأكثر مزايدة › أُضيف حديثاً › عروض الشراء الفوري › الجملة والطبليات","Fixed"
"Option 1","/seller","EN","1440","All categories menu (quick links)","","Ending in under an hour › Just listed › Buy Now deals › Most bids › Bulk & pallets","Ending in under an hour › Most bids › Just listed › Buy Now deals › Bulk & pallets","Fixed"
"Option 1","/seller","AR","390","Mobile menu","القائمة الرئيسية","مباشر الآن › المزادات › الشراء الفوري › ينتهي قريباً › الجملة والطبليات › البائعون","المزادات › ينتهي قريباً › مباشر الآن › الشراء الفوري › البائعون › الجملة والطبليات","Fixed"
"Option 1","/seller","EN","390","Mobile menu","Main","Live now › Auctions › Buy Now › Ending soon › Bulk & pallets › Sellers","Auctions › Ending soon › Live now › Buy Now › Sellers › Bulk & pallets","Fixed"
"Option 1","/seller","AR","1440","Footer: Marketplace","السوق","المزادات المباشرة › كل المزادات › الشراء الفوري › طبليات بالجملة","كل المزادات › المزادات المباشرة › الشراء الفوري › طبليات بالجملة","Fixed"
"Option 1","/seller","EN","1440","Footer: Marketplace","Marketplace","Live auctions › All auctions › Buy Now › Bulk pallets","All auctions › Live auctions › Buy Now › Bulk pallets","Fixed"
"Option 1","/seller","AR","1440","Storefront tabs","المتجر","المزادات › الشراء الفوري","المزادات › الشراء الفوري","Already correct"
"Option 1","/seller","EN","1440","Storefront tabs","Storefront","Auctions › Buy Now","Auctions › Buy Now","Already correct"
"Option 1","/seller/RAWABI","AR","1440","Desktop header nav","القائمة الرئيسية","مباشر الآن › المزادات › الشراء الفوري › ينتهي قريباً › الجملة والطبليات › البائعون","المزادات › ينتهي قريباً › مباشر الآن › الشراء الفوري › البائعون › الجملة والطبليات","Fixed"
"Option 1","/seller/RAWABI","EN","1440","Desktop header nav","Main","Live now › Auctions › Buy Now › Ending soon › Bulk & pallets › Sellers","Auctions › Ending soon › Live now › Buy Now › Sellers › Bulk & pallets","Fixed"
"Option 1","/seller/RAWABI","AR","1440","All categories menu (quick links)","","تنتهي خلال أقل من ساعة › أُضيف حديثاً › عروض الشراء الفوري › الأكثر مزايدة › الجملة والطبليات","تنتهي خلال أقل من ساعة › الأكثر مزايدة › أُضيف حديثاً › عروض الشراء الفوري › الجملة والطبليات","Fixed"
"Option 1","/seller/RAWABI","EN","1440","All categories menu (quick links)","","Ending in under an hour › Just listed › Buy Now deals › Most bids › Bulk & pallets","Ending in under an hour › Most bids › Just listed › Buy Now deals › Bulk & pallets","Fixed"
"Option 1","/seller/RAWABI","AR","390","Mobile menu","القائمة الرئيسية","مباشر الآن › المزادات › الشراء الفوري › ينتهي قريباً › الجملة والطبليات › البائعون","المزادات › ينتهي قريباً › مباشر الآن › الشراء الفوري › البائعون › الجملة والطبليات","Fixed"
"Option 1","/seller/RAWABI","EN","390","Mobile menu","Main","Live now › Auctions › Buy Now › Ending soon › Bulk & pallets › Sellers","Auctions › Ending soon › Live now › Buy Now › Sellers › Bulk & pallets","Fixed"
"Option 1","/seller/RAWABI","AR","1440","Footer: Marketplace","السوق","المزادات المباشرة › كل المزادات › الشراء الفوري › طبليات بالجملة","كل المزادات › المزادات المباشرة › الشراء الفوري › طبليات بالجملة","Fixed"
"Option 1","/seller/RAWABI","EN","1440","Footer: Marketplace","Marketplace","Live auctions › All auctions › Buy Now › Bulk pallets","All auctions › Live auctions › Buy Now › Bulk pallets","Fixed"
"Option 1","/seller/RAWABI","AR","1440","Storefront tabs","المتجر","المزادات › الشراء الفوري","المزادات › الشراء الفوري","Already correct"
"Option 1","/seller/RAWABI","EN","1440","Storefront tabs","Storefront","Auctions › Buy Now","Auctions › Buy Now","Already correct"
"Option 1","/system","AR","1440","Desktop header nav","القائمة الرئيسية","مباشر الآن › المزادات › الشراء الفوري › ينتهي قريباً › الجملة والطبليات › البائعون","المزادات › ينتهي قريباً › مباشر الآن › الشراء الفوري › البائعون › الجملة والطبليات","Fixed"
"Option 1","/system","EN","1440","Desktop header nav","Main","Live now › Auctions › Buy Now › Ending soon › Bulk & pallets › Sellers","Auctions › Ending soon › Live now › Buy Now › Sellers › Bulk & pallets","Fixed"
"Option 1","/system","AR","1440","All categories menu (quick links)","","تنتهي خلال أقل من ساعة › أُضيف حديثاً › عروض الشراء الفوري › الأكثر مزايدة › الجملة والطبليات","تنتهي خلال أقل من ساعة › الأكثر مزايدة › أُضيف حديثاً › عروض الشراء الفوري › الجملة والطبليات","Fixed"
"Option 1","/system","EN","1440","All categories menu (quick links)","","Ending in under an hour › Just listed › Buy Now deals › Most bids › Bulk & pallets","Ending in under an hour › Most bids › Just listed › Buy Now deals › Bulk & pallets","Fixed"
"Option 1","/system","AR","390","Mobile menu","القائمة الرئيسية","مباشر الآن › المزادات › الشراء الفوري › ينتهي قريباً › الجملة والطبليات › البائعون","المزادات › ينتهي قريباً › مباشر الآن › الشراء الفوري › البائعون › الجملة والطبليات","Fixed"
"Option 1","/system","EN","390","Mobile menu","Main","Live now › Auctions › Buy Now › Ending soon › Bulk & pallets › Sellers","Auctions › Ending soon › Live now › Buy Now › Sellers › Bulk & pallets","Fixed"
"Option 1","/system","AR","1440","Footer: Marketplace","السوق","المزادات المباشرة › كل المزادات › الشراء الفوري › طبليات بالجملة","كل المزادات › المزادات المباشرة › الشراء الفوري › طبليات بالجملة","Fixed"
"Option 1","/system","EN","1440","Footer: Marketplace","Marketplace","Live auctions › All auctions › Buy Now › Bulk pallets","All auctions › Live auctions › Buy Now › Bulk pallets","Fixed"
"Option 1","/system","AR","1440","Sale type switch","نوع البيع","المزادات › الشراء الفوري","المزادات › الشراء الفوري","Already correct"
"Option 1","/system","EN","1440","Sale type switch","Sale type","Auctions › Buy Now","Auctions › Buy Now","Already correct"
"Option 2","/","AR","1440","Desktop header nav","التسوّق","المزادات المحددة بوقت › المزاد المباشر › الشراء الفوري › البائعون › الجملة والطبليات","المزادات المحددة بوقت › المزاد المباشر › الشراء الفوري › البائعون › الجملة والطبليات","Already correct"
"Option 2","/","EN","1440","Desktop header nav","Shopping","Timed Auctions › Live Auction › Buy Now › Sellers › Bulk & Pallets","Timed Auctions › Live Auction › Buy Now › Sellers › Bulk & Pallets","Already correct"
"Option 2","/","AR","390","Mobile menu","التسوّق","المزادات المحددة بوقت › المزاد المباشر › الشراء الفوري › البائعون › الجملة والطبليات","المزادات المحددة بوقت › المزاد المباشر › الشراء الفوري › البائعون › الجملة والطبليات","Already correct"
"Option 2","/","EN","390","Mobile menu","Shopping","Timed Auctions › Live Auction › Buy Now › Sellers › Bulk & Pallets","Timed Auctions › Live Auction › Buy Now › Sellers › Bulk & Pallets","Already correct"
"Option 2","/","AR","1440","Footer: Marketplace","السوق","المزادات المحددة بوقت › المزاد المباشر › الشراء الفوري › الجملة والطبليات","المزادات المحددة بوقت › المزاد المباشر › الشراء الفوري › الجملة والطبليات","Already correct"
"Option 2","/","EN","1440","Footer: Marketplace","Marketplace","Timed Auctions › Live Auction › Buy Now › Bulk & Pallets","Timed Auctions › Live Auction › Buy Now › Bulk & Pallets","Already correct"
"Option 2","/browse","AR","1440","Desktop header nav","القائمة الرئيسية","مباشر الآن › المزادات › الشراء الفوري › ينتهي قريباً › الجملة والطبليات › البائعون","المزادات › ينتهي قريباً › مباشر الآن › الشراء الفوري › البائعون › الجملة والطبليات","Fixed"
"Option 2","/browse","EN","1440","Desktop header nav","Main","Live now › Auctions › Buy Now › Ending soon › Bulk & pallets › Sellers","Auctions › Ending soon › Live now › Buy Now › Sellers › Bulk & pallets","Fixed"
"Option 2","/browse","AR","1440","All categories menu (quick links)","","تنتهي خلال أقل من ساعة › أُضيف حديثاً › عروض الشراء الفوري › الأكثر مزايدة › الجملة والطبليات","تنتهي خلال أقل من ساعة › الأكثر مزايدة › أُضيف حديثاً › عروض الشراء الفوري › الجملة والطبليات","Fixed"
"Option 2","/browse","EN","1440","All categories menu (quick links)","","Ending in under an hour › Just listed › Buy Now deals › Most bids › Bulk & pallets","Ending in under an hour › Most bids › Just listed › Buy Now deals › Bulk & pallets","Fixed"
"Option 2","/browse","AR","390","Mobile menu","القائمة الرئيسية","مباشر الآن › المزادات › الشراء الفوري › ينتهي قريباً › الجملة والطبليات › البائعون","المزادات › ينتهي قريباً › مباشر الآن › الشراء الفوري › البائعون › الجملة والطبليات","Fixed"
"Option 2","/browse","EN","390","Mobile menu","Main","Live now › Auctions › Buy Now › Ending soon › Bulk & pallets › Sellers","Auctions › Ending soon › Live now › Buy Now › Sellers › Bulk & pallets","Fixed"
"Option 2","/browse","AR","1440","Footer: Marketplace","السوق","المزادات المباشرة › كل المزادات › الشراء الفوري › طبليات بالجملة","كل المزادات › المزادات المباشرة › الشراء الفوري › طبليات بالجملة","Fixed"
"Option 2","/browse","EN","1440","Footer: Marketplace","Marketplace","Live auctions › All auctions › Buy Now › Bulk pallets","All auctions › Live auctions › Buy Now › Bulk pallets","Fixed"
"Option 2","/browse","AR","1440","Sale type switch","نوع البيع","المزادات › الشراء الفوري","المزادات › الشراء الفوري","Already correct"
"Option 2","/browse","EN","1440","Sale type switch","Sale type","Auctions › Buy Now","Auctions › Buy Now","Already correct"
"Option 2","/auction","AR","1440","Desktop header nav","القائمة الرئيسية","مباشر الآن › المزادات › الشراء الفوري › ينتهي قريباً › الجملة والطبليات › البائعون","المزادات › ينتهي قريباً › مباشر الآن › الشراء الفوري › البائعون › الجملة والطبليات","Fixed"
"Option 2","/auction","EN","1440","Desktop header nav","Main","Live now › Auctions › Buy Now › Ending soon › Bulk & pallets › Sellers","Auctions › Ending soon › Live now › Buy Now › Sellers › Bulk & pallets","Fixed"
"Option 2","/auction","AR","1440","All categories menu (quick links)","","تنتهي خلال أقل من ساعة › أُضيف حديثاً › عروض الشراء الفوري › الأكثر مزايدة › الجملة والطبليات","تنتهي خلال أقل من ساعة › الأكثر مزايدة › أُضيف حديثاً › عروض الشراء الفوري › الجملة والطبليات","Fixed"
"Option 2","/auction","EN","1440","All categories menu (quick links)","","Ending in under an hour › Just listed › Buy Now deals › Most bids › Bulk & pallets","Ending in under an hour › Most bids › Just listed › Buy Now deals › Bulk & pallets","Fixed"
"Option 2","/auction","AR","390","Mobile menu","القائمة الرئيسية","مباشر الآن › المزادات › الشراء الفوري › ينتهي قريباً › الجملة والطبليات › البائعون","المزادات › ينتهي قريباً › مباشر الآن › الشراء الفوري › البائعون › الجملة والطبليات","Fixed"
"Option 2","/auction","EN","390","Mobile menu","Main","Live now › Auctions › Buy Now › Ending soon › Bulk & pallets › Sellers","Auctions › Ending soon › Live now › Buy Now › Sellers › Bulk & pallets","Fixed"
"Option 2","/auction","AR","1440","Footer: Marketplace","السوق","المزادات المباشرة › كل المزادات › الشراء الفوري › طبليات بالجملة","كل المزادات › المزادات المباشرة › الشراء الفوري › طبليات بالجملة","Fixed"
"Option 2","/auction","EN","1440","Footer: Marketplace","Marketplace","Live auctions › All auctions › Buy Now › Bulk pallets","All auctions › Live auctions › Buy Now › Bulk pallets","Fixed"
"Option 2","/auction/fridge-690","AR","1440","Desktop header nav","القائمة الرئيسية","مباشر الآن › المزادات › الشراء الفوري › ينتهي قريباً › الجملة والطبليات › البائعون","المزادات › ينتهي قريباً › مباشر الآن › الشراء الفوري › البائعون › الجملة والطبليات","Fixed"
"Option 2","/auction/fridge-690","EN","1440","Desktop header nav","Main","Live now › Auctions › Buy Now › Ending soon › Bulk & pallets › Sellers","Auctions › Ending soon › Live now › Buy Now › Sellers › Bulk & pallets","Fixed"
"Option 2","/auction/fridge-690","AR","1440","All categories menu (quick links)","","تنتهي خلال أقل من ساعة › أُضيف حديثاً › عروض الشراء الفوري › الأكثر مزايدة › الجملة والطبليات","تنتهي خلال أقل من ساعة › الأكثر مزايدة › أُضيف حديثاً › عروض الشراء الفوري › الجملة والطبليات","Fixed"
"Option 2","/auction/fridge-690","EN","1440","All categories menu (quick links)","","Ending in under an hour › Just listed › Buy Now deals › Most bids › Bulk & pallets","Ending in under an hour › Most bids › Just listed › Buy Now deals › Bulk & pallets","Fixed"
"Option 2","/auction/fridge-690","AR","390","Mobile menu","القائمة الرئيسية","مباشر الآن › المزادات › الشراء الفوري › ينتهي قريباً › الجملة والطبليات › البائعون","المزادات › ينتهي قريباً › مباشر الآن › الشراء الفوري › البائعون › الجملة والطبليات","Fixed"
"Option 2","/auction/fridge-690","EN","390","Mobile menu","Main","Live now › Auctions › Buy Now › Ending soon › Bulk & pallets › Sellers","Auctions › Ending soon › Live now › Buy Now › Sellers › Bulk & pallets","Fixed"
"Option 2","/auction/fridge-690","AR","1440","Footer: Marketplace","السوق","المزادات المباشرة › كل المزادات › الشراء الفوري › طبليات بالجملة","كل المزادات › المزادات المباشرة › الشراء الفوري › طبليات بالجملة","Fixed"
"Option 2","/auction/fridge-690","EN","1440","Footer: Marketplace","Marketplace","Live auctions › All auctions › Buy Now › Bulk pallets","All auctions › Live auctions › Buy Now › Bulk pallets","Fixed"
"Option 2","/product","AR","1440","Desktop header nav","القائمة الرئيسية","مباشر الآن › المزادات › الشراء الفوري › ينتهي قريباً › الجملة والطبليات › البائعون","المزادات › ينتهي قريباً › مباشر الآن › الشراء الفوري › البائعون › الجملة والطبليات","Fixed"
"Option 2","/product","EN","1440","Desktop header nav","Main","Live now › Auctions › Buy Now › Ending soon › Bulk & pallets › Sellers","Auctions › Ending soon › Live now › Buy Now › Sellers › Bulk & pallets","Fixed"
"Option 2","/product","AR","1440","All categories menu (quick links)","","تنتهي خلال أقل من ساعة › أُضيف حديثاً › عروض الشراء الفوري › الأكثر مزايدة › الجملة والطبليات","تنتهي خلال أقل من ساعة › الأكثر مزايدة › أُضيف حديثاً › عروض الشراء الفوري › الجملة والطبليات","Fixed"
"Option 2","/product","EN","1440","All categories menu (quick links)","","Ending in under an hour › Just listed › Buy Now deals › Most bids › Bulk & pallets","Ending in under an hour › Most bids › Just listed › Buy Now deals › Bulk & pallets","Fixed"
"Option 2","/product","AR","390","Mobile menu","القائمة الرئيسية","مباشر الآن › المزادات › الشراء الفوري › ينتهي قريباً › الجملة والطبليات › البائعون","المزادات › ينتهي قريباً › مباشر الآن › الشراء الفوري › البائعون › الجملة والطبليات","Fixed"
"Option 2","/product","EN","390","Mobile menu","Main","Live now › Auctions › Buy Now › Ending soon › Bulk & pallets › Sellers","Auctions › Ending soon › Live now › Buy Now › Sellers › Bulk & pallets","Fixed"
"Option 2","/product","AR","1440","Footer: Marketplace","السوق","المزادات المباشرة › كل المزادات › الشراء الفوري › طبليات بالجملة","كل المزادات › المزادات المباشرة › الشراء الفوري › طبليات بالجملة","Fixed"
"Option 2","/product","EN","1440","Footer: Marketplace","Marketplace","Live auctions › All auctions › Buy Now › Bulk pallets","All auctions › Live auctions › Buy Now › Bulk pallets","Fixed"
"Option 2","/product/task-lamp","AR","1440","Desktop header nav","القائمة الرئيسية","مباشر الآن › المزادات › الشراء الفوري › ينتهي قريباً › الجملة والطبليات › البائعون","المزادات › ينتهي قريباً › مباشر الآن › الشراء الفوري › البائعون › الجملة والطبليات","Fixed"
"Option 2","/product/task-lamp","EN","1440","Desktop header nav","Main","Live now › Auctions › Buy Now › Ending soon › Bulk & pallets › Sellers","Auctions › Ending soon › Live now › Buy Now › Sellers › Bulk & pallets","Fixed"
"Option 2","/product/task-lamp","AR","1440","All categories menu (quick links)","","تنتهي خلال أقل من ساعة › أُضيف حديثاً › عروض الشراء الفوري › الأكثر مزايدة › الجملة والطبليات","تنتهي خلال أقل من ساعة › الأكثر مزايدة › أُضيف حديثاً › عروض الشراء الفوري › الجملة والطبليات","Fixed"
"Option 2","/product/task-lamp","EN","1440","All categories menu (quick links)","","Ending in under an hour › Just listed › Buy Now deals › Most bids › Bulk & pallets","Ending in under an hour › Most bids › Just listed › Buy Now deals › Bulk & pallets","Fixed"
"Option 2","/product/task-lamp","AR","390","Mobile menu","القائمة الرئيسية","مباشر الآن › المزادات › الشراء الفوري › ينتهي قريباً › الجملة والطبليات › البائعون","المزادات › ينتهي قريباً › مباشر الآن › الشراء الفوري › البائعون › الجملة والطبليات","Fixed"
"Option 2","/product/task-lamp","EN","390","Mobile menu","Main","Live now › Auctions › Buy Now › Ending soon › Bulk & pallets › Sellers","Auctions › Ending soon › Live now › Buy Now › Sellers › Bulk & pallets","Fixed"
"Option 2","/product/task-lamp","AR","1440","Footer: Marketplace","السوق","المزادات المباشرة › كل المزادات › الشراء الفوري › طبليات بالجملة","كل المزادات › المزادات المباشرة › الشراء الفوري › طبليات بالجملة","Fixed"
"Option 2","/product/task-lamp","EN","1440","Footer: Marketplace","Marketplace","Live auctions › All auctions › Buy Now › Bulk pallets","All auctions › Live auctions › Buy Now › Bulk pallets","Fixed"
"Option 2","/live-auction","AR","1440","Desktop header nav","القائمة الرئيسية","مباشر الآن › المزادات › الشراء الفوري › ينتهي قريباً › الجملة والطبليات › البائعون","المزادات › ينتهي قريباً › مباشر الآن › الشراء الفوري › البائعون › الجملة والطبليات","Fixed"
"Option 2","/live-auction","EN","1440","Desktop header nav","Main","Live now › Auctions › Buy Now › Ending soon › Bulk & pallets › Sellers","Auctions › Ending soon › Live now › Buy Now › Sellers › Bulk & pallets","Fixed"
"Option 2","/live-auction","AR","1440","All categories menu (quick links)","","تنتهي خلال أقل من ساعة › أُضيف حديثاً › عروض الشراء الفوري › الأكثر مزايدة › الجملة والطبليات","تنتهي خلال أقل من ساعة › الأكثر مزايدة › أُضيف حديثاً › عروض الشراء الفوري › الجملة والطبليات","Fixed"
"Option 2","/live-auction","EN","1440","All categories menu (quick links)","","Ending in under an hour › Just listed › Buy Now deals › Most bids › Bulk & pallets","Ending in under an hour › Most bids › Just listed › Buy Now deals › Bulk & pallets","Fixed"
"Option 2","/live-auction","AR","390","Mobile menu","القائمة الرئيسية","مباشر الآن › المزادات › الشراء الفوري › ينتهي قريباً › الجملة والطبليات › البائعون","المزادات › ينتهي قريباً › مباشر الآن › الشراء الفوري › البائعون › الجملة والطبليات","Fixed"
"Option 2","/live-auction","EN","390","Mobile menu","Main","Live now › Auctions › Buy Now › Ending soon › Bulk & pallets › Sellers","Auctions › Ending soon › Live now › Buy Now › Sellers › Bulk & pallets","Fixed"
"Option 2","/live-auction","AR","1440","Footer: Marketplace","السوق","المزادات المباشرة › كل المزادات › الشراء الفوري › طبليات بالجملة","كل المزادات › المزادات المباشرة › الشراء الفوري › طبليات بالجملة","Fixed"
"Option 2","/live-auction","EN","1440","Footer: Marketplace","Marketplace","Live auctions › All auctions › Buy Now › Bulk pallets","All auctions › Live auctions › Buy Now › Bulk pallets","Fixed"
"Option 2","/seller","AR","1440","Desktop header nav","القائمة الرئيسية","مباشر الآن › المزادات › الشراء الفوري › ينتهي قريباً › الجملة والطبليات › البائعون","المزادات › ينتهي قريباً › مباشر الآن › الشراء الفوري › البائعون › الجملة والطبليات","Fixed"
"Option 2","/seller","EN","1440","Desktop header nav","Main","Live now › Auctions › Buy Now › Ending soon › Bulk & pallets › Sellers","Auctions › Ending soon › Live now › Buy Now › Sellers › Bulk & pallets","Fixed"
"Option 2","/seller","AR","1440","All categories menu (quick links)","","تنتهي خلال أقل من ساعة › أُضيف حديثاً › عروض الشراء الفوري › الأكثر مزايدة › الجملة والطبليات","تنتهي خلال أقل من ساعة › الأكثر مزايدة › أُضيف حديثاً › عروض الشراء الفوري › الجملة والطبليات","Fixed"
"Option 2","/seller","EN","1440","All categories menu (quick links)","","Ending in under an hour › Just listed › Buy Now deals › Most bids › Bulk & pallets","Ending in under an hour › Most bids › Just listed › Buy Now deals › Bulk & pallets","Fixed"
"Option 2","/seller","AR","390","Mobile menu","القائمة الرئيسية","مباشر الآن › المزادات › الشراء الفوري › ينتهي قريباً › الجملة والطبليات › البائعون","المزادات › ينتهي قريباً › مباشر الآن › الشراء الفوري › البائعون › الجملة والطبليات","Fixed"
"Option 2","/seller","EN","390","Mobile menu","Main","Live now › Auctions › Buy Now › Ending soon › Bulk & pallets › Sellers","Auctions › Ending soon › Live now › Buy Now › Sellers › Bulk & pallets","Fixed"
"Option 2","/seller","AR","1440","Footer: Marketplace","السوق","المزادات المباشرة › كل المزادات › الشراء الفوري › طبليات بالجملة","كل المزادات › المزادات المباشرة › الشراء الفوري › طبليات بالجملة","Fixed"
"Option 2","/seller","EN","1440","Footer: Marketplace","Marketplace","Live auctions › All auctions › Buy Now › Bulk pallets","All auctions › Live auctions › Buy Now › Bulk pallets","Fixed"
"Option 2","/seller","AR","1440","Storefront tabs","المتجر","المزادات › الشراء الفوري","المزادات › الشراء الفوري","Already correct"
"Option 2","/seller","EN","1440","Storefront tabs","Storefront","Auctions › Buy Now","Auctions › Buy Now","Already correct"
"Option 2","/seller/RAWABI","AR","1440","Desktop header nav","القائمة الرئيسية","مباشر الآن › المزادات › الشراء الفوري › ينتهي قريباً › الجملة والطبليات › البائعون","المزادات › ينتهي قريباً › مباشر الآن › الشراء الفوري › البائعون › الجملة والطبليات","Fixed"
"Option 2","/seller/RAWABI","EN","1440","Desktop header nav","Main","Live now › Auctions › Buy Now › Ending soon › Bulk & pallets › Sellers","Auctions › Ending soon › Live now › Buy Now › Sellers › Bulk & pallets","Fixed"
"Option 2","/seller/RAWABI","AR","1440","All categories menu (quick links)","","تنتهي خلال أقل من ساعة › أُضيف حديثاً › عروض الشراء الفوري › الأكثر مزايدة › الجملة والطبليات","تنتهي خلال أقل من ساعة › الأكثر مزايدة › أُضيف حديثاً › عروض الشراء الفوري › الجملة والطبليات","Fixed"
"Option 2","/seller/RAWABI","EN","1440","All categories menu (quick links)","","Ending in under an hour › Just listed › Buy Now deals › Most bids › Bulk & pallets","Ending in under an hour › Most bids › Just listed › Buy Now deals › Bulk & pallets","Fixed"
"Option 2","/seller/RAWABI","AR","390","Mobile menu","القائمة الرئيسية","مباشر الآن › المزادات › الشراء الفوري › ينتهي قريباً › الجملة والطبليات › البائعون","المزادات › ينتهي قريباً › مباشر الآن › الشراء الفوري › البائعون › الجملة والطبليات","Fixed"
"Option 2","/seller/RAWABI","EN","390","Mobile menu","Main","Live now › Auctions › Buy Now › Ending soon › Bulk & pallets › Sellers","Auctions › Ending soon › Live now › Buy Now › Sellers › Bulk & pallets","Fixed"
"Option 2","/seller/RAWABI","AR","1440","Footer: Marketplace","السوق","المزادات المباشرة › كل المزادات › الشراء الفوري › طبليات بالجملة","كل المزادات › المزادات المباشرة › الشراء الفوري › طبليات بالجملة","Fixed"
"Option 2","/seller/RAWABI","EN","1440","Footer: Marketplace","Marketplace","Live auctions › All auctions › Buy Now › Bulk pallets","All auctions › Live auctions › Buy Now › Bulk pallets","Fixed"
"Option 2","/seller/RAWABI","AR","1440","Storefront tabs","المتجر","المزادات › الشراء الفوري","المزادات › الشراء الفوري","Already correct"
"Option 2","/seller/RAWABI","EN","1440","Storefront tabs","Storefront","Auctions › Buy Now","Auctions › Buy Now","Already correct"
"Option 2","/system","AR","1440","Desktop header nav","القائمة الرئيسية","مباشر الآن › المزادات › الشراء الفوري › ينتهي قريباً › الجملة والطبليات › البائعون","المزادات › ينتهي قريباً › مباشر الآن › الشراء الفوري › البائعون › الجملة والطبليات","Fixed"
"Option 2","/system","EN","1440","Desktop header nav","Main","Live now › Auctions › Buy Now › Ending soon › Bulk & pallets › Sellers","Auctions › Ending soon › Live now › Buy Now › Sellers › Bulk & pallets","Fixed"
"Option 2","/system","AR","1440","All categories menu (quick links)","","تنتهي خلال أقل من ساعة › أُضيف حديثاً › عروض الشراء الفوري › الأكثر مزايدة › الجملة والطبليات","تنتهي خلال أقل من ساعة › الأكثر مزايدة › أُضيف حديثاً › عروض الشراء الفوري › الجملة والطبليات","Fixed"
"Option 2","/system","EN","1440","All categories menu (quick links)","","Ending in under an hour › Just listed › Buy Now deals › Most bids › Bulk & pallets","Ending in under an hour › Most bids › Just listed › Buy Now deals › Bulk & pallets","Fixed"
"Option 2","/system","AR","390","Mobile menu","القائمة الرئيسية","مباشر الآن › المزادات › الشراء الفوري › ينتهي قريباً › الجملة والطبليات › البائعون","المزادات › ينتهي قريباً › مباشر الآن › الشراء الفوري › البائعون › الجملة والطبليات","Fixed"
"Option 2","/system","EN","390","Mobile menu","Main","Live now › Auctions › Buy Now › Ending soon › Bulk & pallets › Sellers","Auctions › Ending soon › Live now › Buy Now › Sellers › Bulk & pallets","Fixed"
"Option 2","/system","AR","1440","Footer: Marketplace","السوق","المزادات المباشرة › كل المزادات › الشراء الفوري › طبليات بالجملة","كل المزادات › المزادات المباشرة › الشراء الفوري › طبليات بالجملة","Fixed"
"Option 2","/system","EN","1440","Footer: Marketplace","Marketplace","Live auctions › All auctions › Buy Now › Bulk pallets","All auctions › Live auctions › Buy Now › Bulk pallets","Fixed"
"Option 2","/system","AR","1440","Sale type switch","نوع البيع","المزادات › الشراء الفوري","المزادات › الشراء الفوري","Already correct"
"Option 2","/system","EN","1440","Sale type switch","Sale type","Auctions › Buy Now","Auctions › Buy Now","Already correct"
"Option 3","/","AR","1440","Desktop header nav","طرق التسوّق","المزادات المحددة بوقت › المزاد المباشر › الشراء الفوري › البائعون › الجملة والطبليات","المزادات المحددة بوقت › المزاد المباشر › الشراء الفوري › البائعون › الجملة والطبليات","Already correct"
"Option 3","/","EN","1440","Desktop header nav","Ways to shop","Timed Auctions › Live Auction › Buy Now › Sellers › Bulk & Pallets","Timed Auctions › Live Auction › Buy Now › Sellers › Bulk & Pallets","Already correct"
"Option 3","/","AR","390","Mobile menu","طرق التسوّق","المزادات المحددة بوقت › المزاد المباشر › الشراء الفوري › البائعون › الجملة والطبليات","المزادات المحددة بوقت › المزاد المباشر › الشراء الفوري › البائعون › الجملة والطبليات","Already correct"
"Option 3","/","EN","390","Mobile menu","Ways to shop","Timed Auctions › Live Auction › Buy Now › Sellers › Bulk & Pallets","Timed Auctions › Live Auction › Buy Now › Sellers › Bulk & Pallets","Already correct"
"Option 3","/","AR","1440","Footer: Marketplace","السوق","المزادات المحددة بوقت › المزاد المباشر › الشراء الفوري › الجملة والطبليات","المزادات المحددة بوقت › المزاد المباشر › الشراء الفوري › الجملة والطبليات","Already correct"
"Option 3","/","EN","1440","Footer: Marketplace","Marketplace","Timed Auctions › Live Auction › Buy Now › Bulk & Pallets","Timed Auctions › Live Auction › Buy Now › Bulk & Pallets","Already correct"
"Option 3","/browse","AR","1440","Desktop header nav","القائمة الرئيسية","مباشر الآن › المزادات › الشراء الفوري › ينتهي قريباً › الجملة والطبليات › البائعون","المزادات › ينتهي قريباً › مباشر الآن › الشراء الفوري › البائعون › الجملة والطبليات","Fixed"
"Option 3","/browse","EN","1440","Desktop header nav","Main","Live now › Auctions › Buy Now › Ending soon › Bulk & pallets › Sellers","Auctions › Ending soon › Live now › Buy Now › Sellers › Bulk & pallets","Fixed"
"Option 3","/browse","AR","1440","All categories menu (quick links)","","تنتهي خلال أقل من ساعة › أُضيف حديثاً › عروض الشراء الفوري › الأكثر مزايدة › الجملة والطبليات","تنتهي خلال أقل من ساعة › الأكثر مزايدة › أُضيف حديثاً › عروض الشراء الفوري › الجملة والطبليات","Fixed"
"Option 3","/browse","EN","1440","All categories menu (quick links)","","Ending in under an hour › Just listed › Buy Now deals › Most bids › Bulk & pallets","Ending in under an hour › Most bids › Just listed › Buy Now deals › Bulk & pallets","Fixed"
"Option 3","/browse","AR","390","Mobile menu","القائمة الرئيسية","مباشر الآن › المزادات › الشراء الفوري › ينتهي قريباً › الجملة والطبليات › البائعون","المزادات › ينتهي قريباً › مباشر الآن › الشراء الفوري › البائعون › الجملة والطبليات","Fixed"
"Option 3","/browse","EN","390","Mobile menu","Main","Live now › Auctions › Buy Now › Ending soon › Bulk & pallets › Sellers","Auctions › Ending soon › Live now › Buy Now › Sellers › Bulk & pallets","Fixed"
"Option 3","/browse","AR","1440","Footer: Marketplace","السوق","المزادات المباشرة › كل المزادات › الشراء الفوري › طبليات بالجملة","كل المزادات › المزادات المباشرة › الشراء الفوري › طبليات بالجملة","Fixed"
"Option 3","/browse","EN","1440","Footer: Marketplace","Marketplace","Live auctions › All auctions › Buy Now › Bulk pallets","All auctions › Live auctions › Buy Now › Bulk pallets","Fixed"
"Option 3","/browse","AR","1440","Sale type switch","نوع البيع","المزادات › الشراء الفوري","المزادات › الشراء الفوري","Already correct"
"Option 3","/browse","EN","1440","Sale type switch","Sale type","Auctions › Buy Now","Auctions › Buy Now","Already correct"
"Option 3","/auction","AR","1440","Desktop header nav","القائمة الرئيسية","مباشر الآن › المزادات › الشراء الفوري › ينتهي قريباً › الجملة والطبليات › البائعون","المزادات › ينتهي قريباً › مباشر الآن › الشراء الفوري › البائعون › الجملة والطبليات","Fixed"
"Option 3","/auction","EN","1440","Desktop header nav","Main","Live now › Auctions › Buy Now › Ending soon › Bulk & pallets › Sellers","Auctions › Ending soon › Live now › Buy Now › Sellers › Bulk & pallets","Fixed"
"Option 3","/auction","AR","1440","All categories menu (quick links)","","تنتهي خلال أقل من ساعة › أُضيف حديثاً › عروض الشراء الفوري › الأكثر مزايدة › الجملة والطبليات","تنتهي خلال أقل من ساعة › الأكثر مزايدة › أُضيف حديثاً › عروض الشراء الفوري › الجملة والطبليات","Fixed"
"Option 3","/auction","EN","1440","All categories menu (quick links)","","Ending in under an hour › Just listed › Buy Now deals › Most bids › Bulk & pallets","Ending in under an hour › Most bids › Just listed › Buy Now deals › Bulk & pallets","Fixed"
"Option 3","/auction","AR","390","Mobile menu","القائمة الرئيسية","مباشر الآن › المزادات › الشراء الفوري › ينتهي قريباً › الجملة والطبليات › البائعون","المزادات › ينتهي قريباً › مباشر الآن › الشراء الفوري › البائعون › الجملة والطبليات","Fixed"
"Option 3","/auction","EN","390","Mobile menu","Main","Live now › Auctions › Buy Now › Ending soon › Bulk & pallets › Sellers","Auctions › Ending soon › Live now › Buy Now › Sellers › Bulk & pallets","Fixed"
"Option 3","/auction","AR","1440","Footer: Marketplace","السوق","المزادات المباشرة › كل المزادات › الشراء الفوري › طبليات بالجملة","كل المزادات › المزادات المباشرة › الشراء الفوري › طبليات بالجملة","Fixed"
"Option 3","/auction","EN","1440","Footer: Marketplace","Marketplace","Live auctions › All auctions › Buy Now › Bulk pallets","All auctions › Live auctions › Buy Now › Bulk pallets","Fixed"
"Option 3","/auction/fridge-690","AR","1440","Desktop header nav","القائمة الرئيسية","مباشر الآن › المزادات › الشراء الفوري › ينتهي قريباً › الجملة والطبليات › البائعون","المزادات › ينتهي قريباً › مباشر الآن › الشراء الفوري › البائعون › الجملة والطبليات","Fixed"
"Option 3","/auction/fridge-690","EN","1440","Desktop header nav","Main","Live now › Auctions › Buy Now › Ending soon › Bulk & pallets › Sellers","Auctions › Ending soon › Live now › Buy Now › Sellers › Bulk & pallets","Fixed"
"Option 3","/auction/fridge-690","AR","1440","All categories menu (quick links)","","تنتهي خلال أقل من ساعة › أُضيف حديثاً › عروض الشراء الفوري › الأكثر مزايدة › الجملة والطبليات","تنتهي خلال أقل من ساعة › الأكثر مزايدة › أُضيف حديثاً › عروض الشراء الفوري › الجملة والطبليات","Fixed"
"Option 3","/auction/fridge-690","EN","1440","All categories menu (quick links)","","Ending in under an hour › Just listed › Buy Now deals › Most bids › Bulk & pallets","Ending in under an hour › Most bids › Just listed › Buy Now deals › Bulk & pallets","Fixed"
"Option 3","/auction/fridge-690","AR","390","Mobile menu","القائمة الرئيسية","مباشر الآن › المزادات › الشراء الفوري › ينتهي قريباً › الجملة والطبليات › البائعون","المزادات › ينتهي قريباً › مباشر الآن › الشراء الفوري › البائعون › الجملة والطبليات","Fixed"
"Option 3","/auction/fridge-690","EN","390","Mobile menu","Main","Live now › Auctions › Buy Now › Ending soon › Bulk & pallets › Sellers","Auctions › Ending soon › Live now › Buy Now › Sellers › Bulk & pallets","Fixed"
"Option 3","/auction/fridge-690","AR","1440","Footer: Marketplace","السوق","المزادات المباشرة › كل المزادات › الشراء الفوري › طبليات بالجملة","كل المزادات › المزادات المباشرة › الشراء الفوري › طبليات بالجملة","Fixed"
"Option 3","/auction/fridge-690","EN","1440","Footer: Marketplace","Marketplace","Live auctions › All auctions › Buy Now › Bulk pallets","All auctions › Live auctions › Buy Now › Bulk pallets","Fixed"
"Option 3","/product","AR","1440","Desktop header nav","القائمة الرئيسية","مباشر الآن › المزادات › الشراء الفوري › ينتهي قريباً › الجملة والطبليات › البائعون","المزادات › ينتهي قريباً › مباشر الآن › الشراء الفوري › البائعون › الجملة والطبليات","Fixed"
"Option 3","/product","EN","1440","Desktop header nav","Main","Live now › Auctions › Buy Now › Ending soon › Bulk & pallets › Sellers","Auctions › Ending soon › Live now › Buy Now › Sellers › Bulk & pallets","Fixed"
"Option 3","/product","AR","1440","All categories menu (quick links)","","تنتهي خلال أقل من ساعة › أُضيف حديثاً › عروض الشراء الفوري › الأكثر مزايدة › الجملة والطبليات","تنتهي خلال أقل من ساعة › الأكثر مزايدة › أُضيف حديثاً › عروض الشراء الفوري › الجملة والطبليات","Fixed"
"Option 3","/product","EN","1440","All categories menu (quick links)","","Ending in under an hour › Just listed › Buy Now deals › Most bids › Bulk & pallets","Ending in under an hour › Most bids › Just listed › Buy Now deals › Bulk & pallets","Fixed"
"Option 3","/product","AR","390","Mobile menu","القائمة الرئيسية","مباشر الآن › المزادات › الشراء الفوري › ينتهي قريباً › الجملة والطبليات › البائعون","المزادات › ينتهي قريباً › مباشر الآن › الشراء الفوري › البائعون › الجملة والطبليات","Fixed"
"Option 3","/product","EN","390","Mobile menu","Main","Live now › Auctions › Buy Now › Ending soon › Bulk & pallets › Sellers","Auctions › Ending soon › Live now › Buy Now › Sellers › Bulk & pallets","Fixed"
"Option 3","/product","AR","1440","Footer: Marketplace","السوق","المزادات المباشرة › كل المزادات › الشراء الفوري › طبليات بالجملة","كل المزادات › المزادات المباشرة › الشراء الفوري › طبليات بالجملة","Fixed"
"Option 3","/product","EN","1440","Footer: Marketplace","Marketplace","Live auctions › All auctions › Buy Now › Bulk pallets","All auctions › Live auctions › Buy Now › Bulk pallets","Fixed"
"Option 3","/product/task-lamp","AR","1440","Desktop header nav","القائمة الرئيسية","مباشر الآن › المزادات › الشراء الفوري › ينتهي قريباً › الجملة والطبليات › البائعون","المزادات › ينتهي قريباً › مباشر الآن › الشراء الفوري › البائعون › الجملة والطبليات","Fixed"
"Option 3","/product/task-lamp","EN","1440","Desktop header nav","Main","Live now › Auctions › Buy Now › Ending soon › Bulk & pallets › Sellers","Auctions › Ending soon › Live now › Buy Now › Sellers › Bulk & pallets","Fixed"
"Option 3","/product/task-lamp","AR","1440","All categories menu (quick links)","","تنتهي خلال أقل من ساعة › أُضيف حديثاً › عروض الشراء الفوري › الأكثر مزايدة › الجملة والطبليات","تنتهي خلال أقل من ساعة › الأكثر مزايدة › أُضيف حديثاً › عروض الشراء الفوري › الجملة والطبليات","Fixed"
"Option 3","/product/task-lamp","EN","1440","All categories menu (quick links)","","Ending in under an hour › Just listed › Buy Now deals › Most bids › Bulk & pallets","Ending in under an hour › Most bids › Just listed › Buy Now deals › Bulk & pallets","Fixed"
"Option 3","/product/task-lamp","AR","390","Mobile menu","القائمة الرئيسية","مباشر الآن › المزادات › الشراء الفوري › ينتهي قريباً › الجملة والطبليات › البائعون","المزادات › ينتهي قريباً › مباشر الآن › الشراء الفوري › البائعون › الجملة والطبليات","Fixed"
"Option 3","/product/task-lamp","EN","390","Mobile menu","Main","Live now › Auctions › Buy Now › Ending soon › Bulk & pallets › Sellers","Auctions › Ending soon › Live now › Buy Now › Sellers › Bulk & pallets","Fixed"
"Option 3","/product/task-lamp","AR","1440","Footer: Marketplace","السوق","المزادات المباشرة › كل المزادات › الشراء الفوري › طبليات بالجملة","كل المزادات › المزادات المباشرة › الشراء الفوري › طبليات بالجملة","Fixed"
"Option 3","/product/task-lamp","EN","1440","Footer: Marketplace","Marketplace","Live auctions › All auctions › Buy Now › Bulk pallets","All auctions › Live auctions › Buy Now › Bulk pallets","Fixed"
"Option 3","/live-auction","AR","1440","Desktop header nav","القائمة الرئيسية","مباشر الآن › المزادات › الشراء الفوري › ينتهي قريباً › الجملة والطبليات › البائعون","المزادات › ينتهي قريباً › مباشر الآن › الشراء الفوري › البائعون › الجملة والطبليات","Fixed"
"Option 3","/live-auction","EN","1440","Desktop header nav","Main","Live now › Auctions › Buy Now › Ending soon › Bulk & pallets › Sellers","Auctions › Ending soon › Live now › Buy Now › Sellers › Bulk & pallets","Fixed"
"Option 3","/live-auction","AR","1440","All categories menu (quick links)","","تنتهي خلال أقل من ساعة › أُضيف حديثاً › عروض الشراء الفوري › الأكثر مزايدة › الجملة والطبليات","تنتهي خلال أقل من ساعة › الأكثر مزايدة › أُضيف حديثاً › عروض الشراء الفوري › الجملة والطبليات","Fixed"
"Option 3","/live-auction","EN","1440","All categories menu (quick links)","","Ending in under an hour › Just listed › Buy Now deals › Most bids › Bulk & pallets","Ending in under an hour › Most bids › Just listed › Buy Now deals › Bulk & pallets","Fixed"
"Option 3","/live-auction","AR","390","Mobile menu","القائمة الرئيسية","مباشر الآن › المزادات › الشراء الفوري › ينتهي قريباً › الجملة والطبليات › البائعون","المزادات › ينتهي قريباً › مباشر الآن › الشراء الفوري › البائعون › الجملة والطبليات","Fixed"
"Option 3","/live-auction","EN","390","Mobile menu","Main","Live now › Auctions › Buy Now › Ending soon › Bulk & pallets › Sellers","Auctions › Ending soon › Live now › Buy Now › Sellers › Bulk & pallets","Fixed"
"Option 3","/live-auction","AR","1440","Footer: Marketplace","السوق","المزادات المباشرة › كل المزادات › الشراء الفوري › طبليات بالجملة","كل المزادات › المزادات المباشرة › الشراء الفوري › طبليات بالجملة","Fixed"
"Option 3","/live-auction","EN","1440","Footer: Marketplace","Marketplace","Live auctions › All auctions › Buy Now › Bulk pallets","All auctions › Live auctions › Buy Now › Bulk pallets","Fixed"
"Option 3","/seller","AR","1440","Desktop header nav","القائمة الرئيسية","مباشر الآن › المزادات › الشراء الفوري › ينتهي قريباً › الجملة والطبليات › البائعون","المزادات › ينتهي قريباً › مباشر الآن › الشراء الفوري › البائعون › الجملة والطبليات","Fixed"
"Option 3","/seller","EN","1440","Desktop header nav","Main","Live now › Auctions › Buy Now › Ending soon › Bulk & pallets › Sellers","Auctions › Ending soon › Live now › Buy Now › Sellers › Bulk & pallets","Fixed"
"Option 3","/seller","AR","1440","All categories menu (quick links)","","تنتهي خلال أقل من ساعة › أُضيف حديثاً › عروض الشراء الفوري › الأكثر مزايدة › الجملة والطبليات","تنتهي خلال أقل من ساعة › الأكثر مزايدة › أُضيف حديثاً › عروض الشراء الفوري › الجملة والطبليات","Fixed"
"Option 3","/seller","EN","1440","All categories menu (quick links)","","Ending in under an hour › Just listed › Buy Now deals › Most bids › Bulk & pallets","Ending in under an hour › Most bids › Just listed › Buy Now deals › Bulk & pallets","Fixed"
"Option 3","/seller","AR","390","Mobile menu","القائمة الرئيسية","مباشر الآن › المزادات › الشراء الفوري › ينتهي قريباً › الجملة والطبليات › البائعون","المزادات › ينتهي قريباً › مباشر الآن › الشراء الفوري › البائعون › الجملة والطبليات","Fixed"
"Option 3","/seller","EN","390","Mobile menu","Main","Live now › Auctions › Buy Now › Ending soon › Bulk & pallets › Sellers","Auctions › Ending soon › Live now › Buy Now › Sellers › Bulk & pallets","Fixed"
"Option 3","/seller","AR","1440","Footer: Marketplace","السوق","المزادات المباشرة › كل المزادات › الشراء الفوري › طبليات بالجملة","كل المزادات › المزادات المباشرة › الشراء الفوري › طبليات بالجملة","Fixed"
"Option 3","/seller","EN","1440","Footer: Marketplace","Marketplace","Live auctions › All auctions › Buy Now › Bulk pallets","All auctions › Live auctions › Buy Now › Bulk pallets","Fixed"
"Option 3","/seller","AR","1440","Storefront tabs","المتجر","المزادات › الشراء الفوري","المزادات › الشراء الفوري","Already correct"
"Option 3","/seller","EN","1440","Storefront tabs","Storefront","Auctions › Buy Now","Auctions › Buy Now","Already correct"
"Option 3","/seller/RAWABI","AR","1440","Desktop header nav","القائمة الرئيسية","مباشر الآن › المزادات › الشراء الفوري › ينتهي قريباً › الجملة والطبليات › البائعون","المزادات › ينتهي قريباً › مباشر الآن › الشراء الفوري › البائعون › الجملة والطبليات","Fixed"
"Option 3","/seller/RAWABI","EN","1440","Desktop header nav","Main","Live now › Auctions › Buy Now › Ending soon › Bulk & pallets › Sellers","Auctions › Ending soon › Live now › Buy Now › Sellers › Bulk & pallets","Fixed"
"Option 3","/seller/RAWABI","AR","1440","All categories menu (quick links)","","تنتهي خلال أقل من ساعة › أُضيف حديثاً › عروض الشراء الفوري › الأكثر مزايدة › الجملة والطبليات","تنتهي خلال أقل من ساعة › الأكثر مزايدة › أُضيف حديثاً › عروض الشراء الفوري › الجملة والطبليات","Fixed"
"Option 3","/seller/RAWABI","EN","1440","All categories menu (quick links)","","Ending in under an hour › Just listed › Buy Now deals › Most bids › Bulk & pallets","Ending in under an hour › Most bids › Just listed › Buy Now deals › Bulk & pallets","Fixed"
"Option 3","/seller/RAWABI","AR","390","Mobile menu","القائمة الرئيسية","مباشر الآن › المزادات › الشراء الفوري › ينتهي قريباً › الجملة والطبليات › البائعون","المزادات › ينتهي قريباً › مباشر الآن › الشراء الفوري › البائعون › الجملة والطبليات","Fixed"
"Option 3","/seller/RAWABI","EN","390","Mobile menu","Main","Live now › Auctions › Buy Now › Ending soon › Bulk & pallets › Sellers","Auctions › Ending soon › Live now › Buy Now › Sellers › Bulk & pallets","Fixed"
"Option 3","/seller/RAWABI","AR","1440","Footer: Marketplace","السوق","المزادات المباشرة › كل المزادات › الشراء الفوري › طبليات بالجملة","كل المزادات › المزادات المباشرة › الشراء الفوري › طبليات بالجملة","Fixed"
"Option 3","/seller/RAWABI","EN","1440","Footer: Marketplace","Marketplace","Live auctions › All auctions › Buy Now › Bulk pallets","All auctions › Live auctions › Buy Now › Bulk pallets","Fixed"
"Option 3","/seller/RAWABI","AR","1440","Storefront tabs","المتجر","المزادات › الشراء الفوري","المزادات › الشراء الفوري","Already correct"
"Option 3","/seller/RAWABI","EN","1440","Storefront tabs","Storefront","Auctions › Buy Now","Auctions › Buy Now","Already correct"
"Option 3","/system","AR","1440","Desktop header nav","القائمة الرئيسية","مباشر الآن › المزادات › الشراء الفوري › ينتهي قريباً › الجملة والطبليات › البائعون","المزادات › ينتهي قريباً › مباشر الآن › الشراء الفوري › البائعون › الجملة والطبليات","Fixed"
"Option 3","/system","EN","1440","Desktop header nav","Main","Live now › Auctions › Buy Now › Ending soon › Bulk & pallets › Sellers","Auctions › Ending soon › Live now › Buy Now › Sellers › Bulk & pallets","Fixed"
"Option 3","/system","AR","1440","All categories menu (quick links)","","تنتهي خلال أقل من ساعة › أُضيف حديثاً › عروض الشراء الفوري › الأكثر مزايدة › الجملة والطبليات","تنتهي خلال أقل من ساعة › الأكثر مزايدة › أُضيف حديثاً › عروض الشراء الفوري › الجملة والطبليات","Fixed"
"Option 3","/system","EN","1440","All categories menu (quick links)","","Ending in under an hour › Just listed › Buy Now deals › Most bids › Bulk & pallets","Ending in under an hour › Most bids › Just listed › Buy Now deals › Bulk & pallets","Fixed"
"Option 3","/system","AR","390","Mobile menu","القائمة الرئيسية","مباشر الآن › المزادات › الشراء الفوري › ينتهي قريباً › الجملة والطبليات › البائعون","المزادات › ينتهي قريباً › مباشر الآن › الشراء الفوري › البائعون › الجملة والطبليات","Fixed"
"Option 3","/system","EN","390","Mobile menu","Main","Live now › Auctions › Buy Now › Ending soon › Bulk & pallets › Sellers","Auctions › Ending soon › Live now › Buy Now › Sellers › Bulk & pallets","Fixed"
"Option 3","/system","AR","1440","Footer: Marketplace","السوق","المزادات المباشرة › كل المزادات › الشراء الفوري › طبليات بالجملة","كل المزادات › المزادات المباشرة › الشراء الفوري › طبليات بالجملة","Fixed"
"Option 3","/system","EN","1440","Footer: Marketplace","Marketplace","Live auctions › All auctions › Buy Now › Bulk pallets","All auctions › Live auctions › Buy Now › Bulk pallets","Fixed"
"Option 3","/system","AR","1440","Sale type switch","نوع البيع","المزادات › الشراء الفوري","المزادات › الشراء الفوري","Already correct"
"Option 3","/system","EN","1440","Sale type switch","Sale type","Auctions › Buy Now","Auctions › Buy Now","Already correct"
"Option 4","/","AR","1440","Desktop header nav","تسوّق","المزادات المحددة بوقت › المزاد المباشر › الشراء الفوري › البائعون › الجملة والطبليات","المزادات المحددة بوقت › المزاد المباشر › الشراء الفوري › البائعون › الجملة والطبليات","Already correct"
"Option 4","/","EN","1440","Desktop header nav","Shop","Timed Auctions › Live Auction › Buy Now › Sellers › Bulk & Pallets","Timed Auctions › Live Auction › Buy Now › Sellers › Bulk & Pallets","Already correct"
"Option 4","/","AR","390","Mobile menu","تسوّق","المزادات المحددة بوقت › المزاد المباشر › الشراء الفوري › البائعون › الجملة والطبليات","المزادات المحددة بوقت › المزاد المباشر › الشراء الفوري › البائعون › الجملة والطبليات","Already correct"
"Option 4","/","EN","390","Mobile menu","Shop","Timed Auctions › Live Auction › Buy Now › Sellers › Bulk & Pallets","Timed Auctions › Live Auction › Buy Now › Sellers › Bulk & Pallets","Already correct"
"Option 4","/","AR","1440","Footer: Marketplace","السوق","المزادات المحددة بوقت › المزاد المباشر › الشراء الفوري › الجملة والطبليات","المزادات المحددة بوقت › المزاد المباشر › الشراء الفوري › الجملة والطبليات","Already correct"
"Option 4","/","EN","1440","Footer: Marketplace","Marketplace","Timed Auctions › Live Auction › Buy Now › Bulk & Pallets","Timed Auctions › Live Auction › Buy Now › Bulk & Pallets","Already correct"
"Option 4","/browse","AR","1440","Desktop header nav","القائمة الرئيسية","مباشر 1,284 مشاهداً › المزادات › الشراء الفوري › ينتهي قريباً › الجملة والطبليات › البائعون","المزادات › ينتهي قريباً › مباشر 1,284 مشاهداً › الشراء الفوري › البائعون › الجملة والطبليات","Fixed"
"Option 4","/browse","EN","1440","Desktop header nav","Main","Live › Auctions › Buy Now › Ending soon › Bulk & pallets › Sellers","Auctions › Ending soon › Live › Buy Now › Sellers › Bulk & pallets","Fixed"
"Option 4","/browse","AR","1440","All categories menu (quick links)","","تنتهي خلال أقل من ساعة › أُضيف حديثاً › عروض الشراء الفوري › الأكثر مزايدة › الجملة والطبليات","تنتهي خلال أقل من ساعة › الأكثر مزايدة › أُضيف حديثاً › عروض الشراء الفوري › الجملة والطبليات","Fixed"
"Option 4","/browse","EN","1440","All categories menu (quick links)","","Ending in under an hour › Just listed › Buy Now deals › Most bids › Bulk & pallets","Ending in under an hour › Most bids › Just listed › Buy Now deals › Bulk & pallets","Fixed"
"Option 4","/browse","AR","390","Mobile menu","القائمة الرئيسية","مباشر الآن › المزادات › الشراء الفوري › ينتهي قريباً › الجملة والطبليات › البائعون","المزادات › ينتهي قريباً › مباشر الآن › الشراء الفوري › البائعون › الجملة والطبليات","Fixed"
"Option 4","/browse","EN","390","Mobile menu","Main","Live now › Auctions › Buy Now › Ending soon › Bulk & pallets › Sellers","Auctions › Ending soon › Live now › Buy Now › Sellers › Bulk & pallets","Fixed"
"Option 4","/browse","AR","1440","Footer: Marketplace","السوق","المزادات المباشرة › كل المزادات › الشراء الفوري › طبليات بالجملة","كل المزادات › المزادات المباشرة › الشراء الفوري › طبليات بالجملة","Fixed"
"Option 4","/browse","EN","1440","Footer: Marketplace","Marketplace","Live auctions › All auctions › Buy Now › Bulk pallets","All auctions › Live auctions › Buy Now › Bulk pallets","Fixed"
"Option 4","/browse","AR","1440","Sale type switch","نوع البيع","المزادات › الشراء الفوري","المزادات › الشراء الفوري","Already correct"
"Option 4","/browse","EN","1440","Sale type switch","Sale type","Auctions › Buy Now","Auctions › Buy Now","Already correct"
"Option 4","/auction","AR","1440","Desktop header nav","القائمة الرئيسية","مباشر 1,284 مشاهداً › المزادات › الشراء الفوري › ينتهي قريباً › الجملة والطبليات › البائعون","المزادات › ينتهي قريباً › مباشر 1,284 مشاهداً › الشراء الفوري › البائعون › الجملة والطبليات","Fixed"
"Option 4","/auction","EN","1440","Desktop header nav","Main","Live › Auctions › Buy Now › Ending soon › Bulk & pallets › Sellers","Auctions › Ending soon › Live › Buy Now › Sellers › Bulk & pallets","Fixed"
"Option 4","/auction","AR","1440","All categories menu (quick links)","","تنتهي خلال أقل من ساعة › أُضيف حديثاً › عروض الشراء الفوري › الأكثر مزايدة › الجملة والطبليات","تنتهي خلال أقل من ساعة › الأكثر مزايدة › أُضيف حديثاً › عروض الشراء الفوري › الجملة والطبليات","Fixed"
"Option 4","/auction","EN","1440","All categories menu (quick links)","","Ending in under an hour › Just listed › Buy Now deals › Most bids › Bulk & pallets","Ending in under an hour › Most bids › Just listed › Buy Now deals › Bulk & pallets","Fixed"
"Option 4","/auction","AR","390","Mobile menu","القائمة الرئيسية","مباشر الآن › المزادات › الشراء الفوري › ينتهي قريباً › الجملة والطبليات › البائعون","المزادات › ينتهي قريباً › مباشر الآن › الشراء الفوري › البائعون › الجملة والطبليات","Fixed"
"Option 4","/auction","EN","390","Mobile menu","Main","Live now › Auctions › Buy Now › Ending soon › Bulk & pallets › Sellers","Auctions › Ending soon › Live now › Buy Now › Sellers › Bulk & pallets","Fixed"
"Option 4","/auction","AR","1440","Footer: Marketplace","السوق","المزادات المباشرة › كل المزادات › الشراء الفوري › طبليات بالجملة","كل المزادات › المزادات المباشرة › الشراء الفوري › طبليات بالجملة","Fixed"
"Option 4","/auction","EN","1440","Footer: Marketplace","Marketplace","Live auctions › All auctions › Buy Now › Bulk pallets","All auctions › Live auctions › Buy Now › Bulk pallets","Fixed"
"Option 4","/auction/fridge-690","AR","1440","Desktop header nav","القائمة الرئيسية","مباشر 1,284 مشاهداً › المزادات › الشراء الفوري › ينتهي قريباً › الجملة والطبليات › البائعون","المزادات › ينتهي قريباً › مباشر 1,284 مشاهداً › الشراء الفوري › البائعون › الجملة والطبليات","Fixed"
"Option 4","/auction/fridge-690","EN","1440","Desktop header nav","Main","Live › Auctions › Buy Now › Ending soon › Bulk & pallets › Sellers","Auctions › Ending soon › Live › Buy Now › Sellers › Bulk & pallets","Fixed"
"Option 4","/auction/fridge-690","AR","1440","All categories menu (quick links)","","تنتهي خلال أقل من ساعة › أُضيف حديثاً › عروض الشراء الفوري › الأكثر مزايدة › الجملة والطبليات","تنتهي خلال أقل من ساعة › الأكثر مزايدة › أُضيف حديثاً › عروض الشراء الفوري › الجملة والطبليات","Fixed"
"Option 4","/auction/fridge-690","EN","1440","All categories menu (quick links)","","Ending in under an hour › Just listed › Buy Now deals › Most bids › Bulk & pallets","Ending in under an hour › Most bids › Just listed › Buy Now deals › Bulk & pallets","Fixed"
"Option 4","/auction/fridge-690","AR","390","Mobile menu","القائمة الرئيسية","مباشر الآن › المزادات › الشراء الفوري › ينتهي قريباً › الجملة والطبليات › البائعون","المزادات › ينتهي قريباً › مباشر الآن › الشراء الفوري › البائعون › الجملة والطبليات","Fixed"
"Option 4","/auction/fridge-690","EN","390","Mobile menu","Main","Live now › Auctions › Buy Now › Ending soon › Bulk & pallets › Sellers","Auctions › Ending soon › Live now › Buy Now › Sellers › Bulk & pallets","Fixed"
"Option 4","/auction/fridge-690","AR","1440","Footer: Marketplace","السوق","المزادات المباشرة › كل المزادات › الشراء الفوري › طبليات بالجملة","كل المزادات › المزادات المباشرة › الشراء الفوري › طبليات بالجملة","Fixed"
"Option 4","/auction/fridge-690","EN","1440","Footer: Marketplace","Marketplace","Live auctions › All auctions › Buy Now › Bulk pallets","All auctions › Live auctions › Buy Now › Bulk pallets","Fixed"
"Option 4","/product","AR","1440","Desktop header nav","القائمة الرئيسية","مباشر 1,284 مشاهداً › المزادات › الشراء الفوري › ينتهي قريباً › الجملة والطبليات › البائعون","المزادات › ينتهي قريباً › مباشر 1,284 مشاهداً › الشراء الفوري › البائعون › الجملة والطبليات","Fixed"
"Option 4","/product","EN","1440","Desktop header nav","Main","Live › Auctions › Buy Now › Ending soon › Bulk & pallets › Sellers","Auctions › Ending soon › Live › Buy Now › Sellers › Bulk & pallets","Fixed"
"Option 4","/product","AR","1440","All categories menu (quick links)","","تنتهي خلال أقل من ساعة › أُضيف حديثاً › عروض الشراء الفوري › الأكثر مزايدة › الجملة والطبليات","تنتهي خلال أقل من ساعة › الأكثر مزايدة › أُضيف حديثاً › عروض الشراء الفوري › الجملة والطبليات","Fixed"
"Option 4","/product","EN","1440","All categories menu (quick links)","","Ending in under an hour › Just listed › Buy Now deals › Most bids › Bulk & pallets","Ending in under an hour › Most bids › Just listed › Buy Now deals › Bulk & pallets","Fixed"
"Option 4","/product","AR","390","Mobile menu","القائمة الرئيسية","مباشر الآن › المزادات › الشراء الفوري › ينتهي قريباً › الجملة والطبليات › البائعون","المزادات › ينتهي قريباً › مباشر الآن › الشراء الفوري › البائعون › الجملة والطبليات","Fixed"
"Option 4","/product","EN","390","Mobile menu","Main","Live now › Auctions › Buy Now › Ending soon › Bulk & pallets › Sellers","Auctions › Ending soon › Live now › Buy Now › Sellers › Bulk & pallets","Fixed"
"Option 4","/product","AR","1440","Footer: Marketplace","السوق","المزادات المباشرة › كل المزادات › الشراء الفوري › طبليات بالجملة","كل المزادات › المزادات المباشرة › الشراء الفوري › طبليات بالجملة","Fixed"
"Option 4","/product","EN","1440","Footer: Marketplace","Marketplace","Live auctions › All auctions › Buy Now › Bulk pallets","All auctions › Live auctions › Buy Now › Bulk pallets","Fixed"
"Option 4","/product/task-lamp","AR","1440","Desktop header nav","القائمة الرئيسية","مباشر 1,284 مشاهداً › المزادات › الشراء الفوري › ينتهي قريباً › الجملة والطبليات › البائعون","المزادات › ينتهي قريباً › مباشر 1,284 مشاهداً › الشراء الفوري › البائعون › الجملة والطبليات","Fixed"
"Option 4","/product/task-lamp","EN","1440","Desktop header nav","Main","Live › Auctions › Buy Now › Ending soon › Bulk & pallets › Sellers","Auctions › Ending soon › Live › Buy Now › Sellers › Bulk & pallets","Fixed"
"Option 4","/product/task-lamp","AR","1440","All categories menu (quick links)","","تنتهي خلال أقل من ساعة › أُضيف حديثاً › عروض الشراء الفوري › الأكثر مزايدة › الجملة والطبليات","تنتهي خلال أقل من ساعة › الأكثر مزايدة › أُضيف حديثاً › عروض الشراء الفوري › الجملة والطبليات","Fixed"
"Option 4","/product/task-lamp","EN","1440","All categories menu (quick links)","","Ending in under an hour › Just listed › Buy Now deals › Most bids › Bulk & pallets","Ending in under an hour › Most bids › Just listed › Buy Now deals › Bulk & pallets","Fixed"
"Option 4","/product/task-lamp","AR","390","Mobile menu","القائمة الرئيسية","مباشر الآن › المزادات › الشراء الفوري › ينتهي قريباً › الجملة والطبليات › البائعون","المزادات › ينتهي قريباً › مباشر الآن › الشراء الفوري › البائعون › الجملة والطبليات","Fixed"
"Option 4","/product/task-lamp","EN","390","Mobile menu","Main","Live now › Auctions › Buy Now › Ending soon › Bulk & pallets › Sellers","Auctions › Ending soon › Live now › Buy Now › Sellers › Bulk & pallets","Fixed"
"Option 4","/product/task-lamp","AR","1440","Footer: Marketplace","السوق","المزادات المباشرة › كل المزادات › الشراء الفوري › طبليات بالجملة","كل المزادات › المزادات المباشرة › الشراء الفوري › طبليات بالجملة","Fixed"
"Option 4","/product/task-lamp","EN","1440","Footer: Marketplace","Marketplace","Live auctions › All auctions › Buy Now › Bulk pallets","All auctions › Live auctions › Buy Now › Bulk pallets","Fixed"
"Option 4","/live-auction","AR","1440","Desktop header nav","القائمة الرئيسية","مباشر 1,284 مشاهداً › المزادات › الشراء الفوري › ينتهي قريباً › الجملة والطبليات › البائعون","المزادات › ينتهي قريباً › مباشر 1,284 مشاهداً › الشراء الفوري › البائعون › الجملة والطبليات","Fixed"
"Option 4","/live-auction","EN","1440","Desktop header nav","Main","Live › Auctions › Buy Now › Ending soon › Bulk & pallets › Sellers","Auctions › Ending soon › Live › Buy Now › Sellers › Bulk & pallets","Fixed"
"Option 4","/live-auction","AR","1440","All categories menu (quick links)","","تنتهي خلال أقل من ساعة › أُضيف حديثاً › عروض الشراء الفوري › الأكثر مزايدة › الجملة والطبليات","تنتهي خلال أقل من ساعة › الأكثر مزايدة › أُضيف حديثاً › عروض الشراء الفوري › الجملة والطبليات","Fixed"
"Option 4","/live-auction","EN","1440","All categories menu (quick links)","","Ending in under an hour › Just listed › Buy Now deals › Most bids › Bulk & pallets","Ending in under an hour › Most bids › Just listed › Buy Now deals › Bulk & pallets","Fixed"
"Option 4","/live-auction","AR","390","Mobile menu","القائمة الرئيسية","مباشر الآن › المزادات › الشراء الفوري › ينتهي قريباً › الجملة والطبليات › البائعون","المزادات › ينتهي قريباً › مباشر الآن › الشراء الفوري › البائعون › الجملة والطبليات","Fixed"
"Option 4","/live-auction","EN","390","Mobile menu","Main","Live now › Auctions › Buy Now › Ending soon › Bulk & pallets › Sellers","Auctions › Ending soon › Live now › Buy Now › Sellers › Bulk & pallets","Fixed"
"Option 4","/live-auction","AR","1440","Footer: Marketplace","السوق","المزادات المباشرة › كل المزادات › الشراء الفوري › طبليات بالجملة","كل المزادات › المزادات المباشرة › الشراء الفوري › طبليات بالجملة","Fixed"
"Option 4","/live-auction","EN","1440","Footer: Marketplace","Marketplace","Live auctions › All auctions › Buy Now › Bulk pallets","All auctions › Live auctions › Buy Now › Bulk pallets","Fixed"
"Option 4","/seller","AR","1440","Desktop header nav","القائمة الرئيسية","مباشر 1,284 مشاهداً › المزادات › الشراء الفوري › ينتهي قريباً › الجملة والطبليات › البائعون","المزادات › ينتهي قريباً › مباشر 1,284 مشاهداً › الشراء الفوري › البائعون › الجملة والطبليات","Fixed"
"Option 4","/seller","EN","1440","Desktop header nav","Main","Live › Auctions › Buy Now › Ending soon › Bulk & pallets › Sellers","Auctions › Ending soon › Live › Buy Now › Sellers › Bulk & pallets","Fixed"
"Option 4","/seller","AR","1440","All categories menu (quick links)","","تنتهي خلال أقل من ساعة › أُضيف حديثاً › عروض الشراء الفوري › الأكثر مزايدة › الجملة والطبليات","تنتهي خلال أقل من ساعة › الأكثر مزايدة › أُضيف حديثاً › عروض الشراء الفوري › الجملة والطبليات","Fixed"
"Option 4","/seller","EN","1440","All categories menu (quick links)","","Ending in under an hour › Just listed › Buy Now deals › Most bids › Bulk & pallets","Ending in under an hour › Most bids › Just listed › Buy Now deals › Bulk & pallets","Fixed"
"Option 4","/seller","AR","390","Mobile menu","القائمة الرئيسية","مباشر الآن › المزادات › الشراء الفوري › ينتهي قريباً › الجملة والطبليات › البائعون","المزادات › ينتهي قريباً › مباشر الآن › الشراء الفوري › البائعون › الجملة والطبليات","Fixed"
"Option 4","/seller","EN","390","Mobile menu","Main","Live now › Auctions › Buy Now › Ending soon › Bulk & pallets › Sellers","Auctions › Ending soon › Live now › Buy Now › Sellers › Bulk & pallets","Fixed"
"Option 4","/seller","AR","1440","Footer: Marketplace","السوق","المزادات المباشرة › كل المزادات › الشراء الفوري › طبليات بالجملة","كل المزادات › المزادات المباشرة › الشراء الفوري › طبليات بالجملة","Fixed"
"Option 4","/seller","EN","1440","Footer: Marketplace","Marketplace","Live auctions › All auctions › Buy Now › Bulk pallets","All auctions › Live auctions › Buy Now › Bulk pallets","Fixed"
"Option 4","/seller","AR","1440","Storefront tabs","المتجر","المزادات › الشراء الفوري","المزادات › الشراء الفوري","Already correct"
"Option 4","/seller","EN","1440","Storefront tabs","Storefront","Auctions › Buy Now","Auctions › Buy Now","Already correct"
"Option 4","/seller/RAWABI","AR","1440","Desktop header nav","القائمة الرئيسية","مباشر 1,284 مشاهداً › المزادات › الشراء الفوري › ينتهي قريباً › الجملة والطبليات › البائعون","المزادات › ينتهي قريباً › مباشر 1,284 مشاهداً › الشراء الفوري › البائعون › الجملة والطبليات","Fixed"
"Option 4","/seller/RAWABI","EN","1440","Desktop header nav","Main","Live › Auctions › Buy Now › Ending soon › Bulk & pallets › Sellers","Auctions › Ending soon › Live › Buy Now › Sellers › Bulk & pallets","Fixed"
"Option 4","/seller/RAWABI","AR","1440","All categories menu (quick links)","","تنتهي خلال أقل من ساعة › أُضيف حديثاً › عروض الشراء الفوري › الأكثر مزايدة › الجملة والطبليات","تنتهي خلال أقل من ساعة › الأكثر مزايدة › أُضيف حديثاً › عروض الشراء الفوري › الجملة والطبليات","Fixed"
"Option 4","/seller/RAWABI","EN","1440","All categories menu (quick links)","","Ending in under an hour › Just listed › Buy Now deals › Most bids › Bulk & pallets","Ending in under an hour › Most bids › Just listed › Buy Now deals › Bulk & pallets","Fixed"
"Option 4","/seller/RAWABI","AR","390","Mobile menu","القائمة الرئيسية","مباشر الآن › المزادات › الشراء الفوري › ينتهي قريباً › الجملة والطبليات › البائعون","المزادات › ينتهي قريباً › مباشر الآن › الشراء الفوري › البائعون › الجملة والطبليات","Fixed"
"Option 4","/seller/RAWABI","EN","390","Mobile menu","Main","Live now › Auctions › Buy Now › Ending soon › Bulk & pallets › Sellers","Auctions › Ending soon › Live now › Buy Now › Sellers › Bulk & pallets","Fixed"
"Option 4","/seller/RAWABI","AR","1440","Footer: Marketplace","السوق","المزادات المباشرة › كل المزادات › الشراء الفوري › طبليات بالجملة","كل المزادات › المزادات المباشرة › الشراء الفوري › طبليات بالجملة","Fixed"
"Option 4","/seller/RAWABI","EN","1440","Footer: Marketplace","Marketplace","Live auctions › All auctions › Buy Now › Bulk pallets","All auctions › Live auctions › Buy Now › Bulk pallets","Fixed"
"Option 4","/seller/RAWABI","AR","1440","Storefront tabs","المتجر","المزادات › الشراء الفوري","المزادات › الشراء الفوري","Already correct"
"Option 4","/seller/RAWABI","EN","1440","Storefront tabs","Storefront","Auctions › Buy Now","Auctions › Buy Now","Already correct"
"Option 4","/system","AR","1440","Desktop header nav","القائمة الرئيسية","مباشر 1,284 مشاهداً › المزادات › الشراء الفوري › ينتهي قريباً › الجملة والطبليات › البائعون","المزادات › ينتهي قريباً › مباشر 1,284 مشاهداً › الشراء الفوري › البائعون › الجملة والطبليات","Fixed"
"Option 4","/system","EN","1440","Desktop header nav","Main","Live › Auctions › Buy Now › Ending soon › Bulk & pallets › Sellers","Auctions › Ending soon › Live › Buy Now › Sellers › Bulk & pallets","Fixed"
"Option 4","/system","AR","1440","All categories menu (quick links)","","تنتهي خلال أقل من ساعة › أُضيف حديثاً › عروض الشراء الفوري › الأكثر مزايدة › الجملة والطبليات","تنتهي خلال أقل من ساعة › الأكثر مزايدة › أُضيف حديثاً › عروض الشراء الفوري › الجملة والطبليات","Fixed"
"Option 4","/system","EN","1440","All categories menu (quick links)","","Ending in under an hour › Just listed › Buy Now deals › Most bids › Bulk & pallets","Ending in under an hour › Most bids › Just listed › Buy Now deals › Bulk & pallets","Fixed"
"Option 4","/system","AR","390","Mobile menu","القائمة الرئيسية","مباشر الآن › المزادات › الشراء الفوري › ينتهي قريباً › الجملة والطبليات › البائعون","المزادات › ينتهي قريباً › مباشر الآن › الشراء الفوري › البائعون › الجملة والطبليات","Fixed"
"Option 4","/system","EN","390","Mobile menu","Main","Live now › Auctions › Buy Now › Ending soon › Bulk & pallets › Sellers","Auctions › Ending soon › Live now › Buy Now › Sellers › Bulk & pallets","Fixed"
"Option 4","/system","AR","1440","Footer: Marketplace","السوق","المزادات المباشرة › كل المزادات › الشراء الفوري › طبليات بالجملة","كل المزادات › المزادات المباشرة › الشراء الفوري › طبليات بالجملة","Fixed"
"Option 4","/system","EN","1440","Footer: Marketplace","Marketplace","Live auctions › All auctions › Buy Now › Bulk pallets","All auctions › Live auctions › Buy Now › Bulk pallets","Fixed"
"Option 4","/system","AR","1440","Sale type switch","نوع البيع","المزادات › الشراء الفوري","المزادات › الشراء الفوري","Already correct"
"Option 4","/system","EN","1440","Sale type switch","Sale type","Auctions › Buy Now","Auctions › Buy Now","Already correct"
